{
    "spritesheet": "resources/sprites/demon_spritesheet.png",
    "sprites": {
        "bigboss": {
            "default_animation": "bigboss.run.right",
            "animations": [
                {
                    "id": "bigboss.idle.left",
                    "animation_frames": [ 0, 1, 2, 3, 4, 5 ],
                    "animation": [
                        {
                            "width": 79,
                            "height": 102,
                            "x_pos": 100,
                            "y_pos": 58
                        },
                        {
                            "width": 79,
                            "height": 102,
                            "x_pos": 389,
                            "y_pos": 58
                        },
                        {
                            "width": 79,
                            "height": 102,
                            "x_pos": 678,
                            "y_pos": 58
                        },
                        {
                            "width": 79,
                            "height": 102,
                            "x_pos": 963,
                            "y_pos": 58
                        },
                        {
                            "width": 79,
                            "height": 102,
                            "x_pos": 1255,
                            "y_pos": 58
                        },
                        {
                            "width": 79,
                            "height": 102,
                            "x_pos": 1542,
                            "y_pos": 58
                        }
                    ]
                },
                {
                    "id": "bigboss.idle.right",
                    "animation_frames": [ 0, 1, 2, 3, 4, 5 ],
                    "animation": [
                        {
                            "width": 79,
                            "height": 104,
                            "x_pos": 4036,
                            "y_pos": 851
                        },
                        {
                            "width": 79,
                            "height": 104,
                            "x_pos": 3749,
                            "y_pos": 851
                        },
                        {
                            "width": 79,
                            "height": 104,
                            "x_pos": 3462,
                            "y_pos": 851
                        },
                        {
                            "width": 79,
                            "height": 104,
                            "x_pos": 3175,
                            "y_pos": 851
                        },
                        {
                            "width": 79,
                            "height": 104,
                            "x_pos": 2888,
                            "y_pos": 851
                        },
                        {
                            "width": 79,
                            "height": 104,
                            "x_pos": 2601,
                            "y_pos": 851
                        }
                    ]
                },
                {
                    "id": "bigboss.run.left",
                    "animation_frames": [ 0, 1, 2, 3, 4, 5, 6, 7, 8, 9, 10 ],
                    "animation": [
                      {
                        "width": 79,
                        "height": 104,
                        "x_pos": 112,
                        "y_pos": 215
                      },
                      {
                        "width": 79,
                        "height": 104,
                        "x_pos": 395,
                        "y_pos": 215
                      },
                      {
                        "width": 79,
                        "height": 104,
                        "x_pos": 692,
                        "y_pos": 215
                      },
                      {
                        "width": 79,
                        "height": 104,
                        "x_pos": 971,
                        "y_pos": 215
                      },
                      {
                        "width": 79,
                        "height": 104,
                        "x_pos": 1255,
                        "y_pos": 215
                      },
                      {
                        "width": 79,
                        "height": 104,
                        "x_pos": 1549,
                        "y_pos": 215
                      },
                      {
                        "width": 79,
                        "height": 104,
                        "x_pos": 1836,
                        "y_pos": 215
                      },
                      {
                        "width": 79,
                        "height": 104,
                        "x_pos": 2119,
                        "y_pos": 215
                      },
                      {
                        "width": 79,
                        "height": 104,
                        "x_pos": 2408,
                        "y_pos": 215
                      },
                      {
                        "width": 79,
                        "height": 104,
                        "x_pos": 2697,
                        "y_pos": 215
                      },
                      {
                        "width": 79,
                        "height": 104,
                        "x_pos": 2991,
                        "y_pos": 215
                      },
                      {
                        "width": 79,
                        "height": 104,
                        "x_pos": 3269,
                        "y_pos": 215
                      }
                    ]
                },
                {
                    "id": "bigboss.run.right",
                    "animation_frames": [ 0, 1, 2, 3, 4, 5, 6, 7, 8, 9, 10 ],
                    "animation": [
                        {
                            "width": 79,
                            "height": 104,
                            "x_pos": 4036,
                            "y_pos": 1015
                        },
                        {
                            "width": 79,
                            "height": 104,
                            "x_pos": 3749,
                            "y_pos": 1015
                        },
                        {
                            "width": 79,
                            "height": 104,
                            "x_pos": 3462,
                            "y_pos": 1015
                        },
                        {
                            "width": 79,
                            "height": 104,
                            "x_pos": 3175,
                            "y_pos": 1015
                        },
                        {
                            "width": 79,
                            "height": 104,
                            "x_pos": 2888,
                            "y_pos": 1015
                        },
                        {
                            "width": 79,
                            "height": 104,
                            "x_pos": 2601,
                            "y_pos": 1015
                        },
                        {
                            "width": 79,
                            "height": 104,
                            "x_pos": 2314,
                            "y_pos": 1015
                        },
                        {
                            "width": 79,
                            "height": 104,
                            "x_pos": 2027,
                            "y_pos": 1015
                        },
                        {
                            "width": 79,
                            "height": 104,
                            "x_pos": 1740,
                            "y_pos": 1015
                        },
                        {
                            "width": 79,
                            "height": 104,
                            "x_pos": 1453,
                            "y_pos": 1015
                        },
                        {
                            "width": 79,
                            "height": 104,
                            "x_pos": 1166,
                            "y_pos": 1015
                        },
                        {
                            "width": 79,
                            "height": 104,
                            "x_pos": 879,
                            "y_pos": 1015
                        }
                    ]
                },
                {
                    "id": "bigboss.death",
                    "animation_frames": [ 0, 1, 2, 3, 4, 5, 6, 7, 8, 9, 10, 11, 12, 13, 14, 15, 16, 17 ],
                    "animation": [
                        {
                            "width": 79,
                            "height": 104,
                            "x_pos": 104,
                            "y_pos": 696
                        },
                        {
                            "width": 79,
                            "height": 104,
                            "x_pos": 393,
                            "y_pos": 696
                        },
                        {
                            "width": 79,
                            "height": 104,
                            "x_pos": 673,
                            "y_pos": 696
                        },
                        {
                            "width": 79,
                            "height": 104,
                            "x_pos": 969,
                            "y_pos": 696
                        },
                        {
                            "width": 79,
                            "height": 104,
                            "x_pos": 1252,
                            "y_pos": 696
                        },
                        {
                            "width": 79,
                            "height": 104,
                            "x_pos": 1544,
                            "y_pos": 696
                        },
                        {
                            "width": 79,
                            "height": 104,
                            "x_pos": 1827,
                            "y_pos": 696
                        },
                        {
                            "width": 79,
                            "height": 104,
                            "x_pos": 2114,
                            "y_pos": 696
                        },
                        {
                            "width": 79,
                            "height": 104,
                            "x_pos": 2406,
                            "y_pos": 696
                        },
                        {
                            "width": 79,
                            "height": 104,
                            "x_pos": 2698,
                            "y_pos": 696
                        },
                        {
                            "width": 79,
                            "height": 104,
                            "x_pos": 2985,
                            "y_pos": 696
                        },
                        {
                            "width": 79,
                            "height": 104,
                            "x_pos": 3272,
                            "y_pos": 696
                        },
                        {
                            "width": 79,
                            "height": 104,
                            "x_pos": 3559,
                            "y_pos": 696
                        },
                        {
                            "width": 79,
                            "height": 104,
                            "x_pos": 3846,
                            "y_pos": 696
                        },
                        {
                            "width": 79,
                            "height": 104,
                            "x_pos": 4133,
                            "y_pos": 696
                        },
                        {
                            "width": 79,
                            "height": 104,
                            "x_pos": 4420,
                            "y_pos": 696
                        },
                        {
                            "width": 79,
                            "height": 104,
                            "x_pos": 4707,
                            "y_pos": 696
                        },
                        {
                            "width": 79,
                            "height": 104,
                            "x_pos": 4994,
                            "y_pos": 696
                        }
                    ]
                },
                {
                    "id": "bigboss.damage.left",
                    "animation_frames": [ 0, 1, 2, 3, 4 ],
                    "animation": [
                        {
                            "width": 79,
                            "height": 104,
                            "x_pos": 107,
                            "y_pos": 538
                        },
                        {
                            "width": 79,
                            "height": 104,
                            "x_pos": 403,
                            "y_pos": 538
                        },
                        {
                            "width": 79,
                            "height": 104,
                            "x_pos": 692,
                            "y_pos": 538
                        },
                        {
                            "width": 79,
                            "height": 104,
                            "x_pos": 977,
                            "y_pos": 538
                        },
                        {
                            "width": 79,
                            "height": 104,
                            "x_pos": 1255,
                            "y_pos": 538
                        }
                    ]
                },
                {
                    "id": "bigboss.damage.right",
                    "animation_frames": [ 0, 1, 2, 3, 4 ],
                    "animation": [
                        {
                            "width": 79,
                            "height": 104,
                            "x_pos": 4036,
                            "y_pos": 1336
                        },
                        {
                            "width": 79,
                            "height": 104,
                            "x_pos": 3749,
                            "y_pos": 1336
                        },
                        {
                            "width": 79,
                            "height": 104,
                            "x_pos": 3462,
                            "y_pos": 1336
                        },
                        {
                            "width": 79,
                            "height": 104,
                            "x_pos": 3175,
                            "y_pos": 1336
                        },
                        {
                            "width": 79,
                            "height": 104,
                            "x_pos": 2888,
                            "y_pos": 1336
                        }
                    ]
                },
                {
                    "id": "bigboss.attack.sword.left",
                    "animation_frames": [ 0, 1, 2, 3, 4, 5, 6, 7, 8, 9, 10, 11, 12, 13, 14, 15, 16 ],
                    "animation": [
                        {
                            "width": 79,
                            "height": 104,
                            "x_pos": 102,
                            "y_pos": 373
                        },
                        {
                            "width": 79,
                            "height": 104,
                            "x_pos": 394,
                            "y_pos": 373
                        },
                        {
                            "width": 79,
                            "height": 104,
                            "x_pos": 686,
                            "y_pos": 373
                        },
                        {
                            "width": 79,
                            "height": 104,
                            "x_pos": 987,
                            "y_pos": 373
                        },
                        {
                            "width": 79,
                            "height": 104,
                            "x_pos": 1271,
                            "y_pos": 373
                        },
                        {
                            "width": 79,
                            "height": 104,
                            "x_pos": 1555,
                            "y_pos": 373
                        },
                        {
                            "width": 79,
                            "height": 104,
                            "x_pos": 1837,
                            "y_pos": 373
                        },
                        {
                            "width": 79,
                            "height": 104,
                            "x_pos": 2131,
                            "y_pos": 373
                        },
                        {
                            "width": 79,
                            "height": 104,
                            "x_pos": 2413,
                            "y_pos": 373
                        },
                        {
                            "width": 146,
                            "height": 104,
                            "x_pos": 2619,
                            "y_pos": 373
                        },
                        {
                            "width": 146,
                            "height": 104,
                            "x_pos": 2901,
                            "y_pos": 373
                        },
                        {
                            "width": 146,
                            "height": 104,
                            "x_pos": 3198,
                            "y_pos": 373
                        },
                        {
                            "width": 146,
                            "height": 104,
                            "x_pos": 3495,
                            "y_pos": 373
                        },
                        {
                            "width": 97,
                            "height": 104,
                            "x_pos": 3529,
                            "y_pos": 373
                        },
                        {
                            "width": 79,
                            "height": 104,
                            "x_pos": 3848,
                            "y_pos": 373
                        },
                        {
                            "width": 79,
                            "height": 104,
                            "x_pos": 4130,
                            "y_pos": 373
                        }
                    ]
                }
            ]
        }
    }
}