{
  "spritesheet": "resources/map/map_one/DirtBrick_Assets_V5.png",
  "sprites": {
    "chest": {
      "default_animation": "chest.idle.right",
      "animations": [
        {
          "id": "chest.idle.right",
          "animation_frames": [ 0 ],
          "animation": [
            {
              "width": 32,
              "height": 16,
              "x_pos": 144,
              "y_pos": 96
            }
          ]
        },
        {
          "id": "chest.damage.right",
          "animation_frames": [ 0 ],
          "animation": [
            {
              "width": 32,
              "height": 16,
              "x_pos": 144,
              "y_pos": 96
            }
          ]
        },
        {
          "id": "chest.damage.left",
          "animation_frames": [ 0 ],
          "animation": [
            {
              "width": 32,
              "height": 16,
              "x_pos": 144,
              "y_pos": 96
            }
          ]
        }
      ]
    }
  }
}