{
  "spritesheet": "resources/map/map_one/DirtBrick_Assets_V5.png",
  "sprites": {
    "death": {
      "default_animation": "death.idle.right",
      "animations": [
        {
          "id": "death.idle.right",
          "animation_frames": [ 0 ],
          "animation": [
            {
              "width": 16,
              "height": 16,
              "x_pos": 225,
              "y_pos": 240
            }
          ]
        },
        {
          "id": "death.damage.right",
          "animation_frames": [ 0 ],
          "animation": [
            {
              "width": 16,
              "height": 16,
              "x_pos": 225,
              "y_pos": 240
            }
          ]
        },
        {
          "id": "death.damage.left",
          "animation_frames": [ 0 ],
          "animation": [
            {
              "width": 16,
              "height": 16,
              "x_pos": 225,
              "y_pos": 240
            }
          ]
        }
      ]
    }
  }
}