{
  "spritesheet": "resources/map/map_one/DirtBrick_Assets_V5.png",
  "sprites": {
    "flag": {
      "default_animation": "flag.idle.right",
      "animations": [
        {
          "id": "flag.idle.right",
          "animation_frames": [ 0 ],
          "animation": [
            {
              "width": 16,
              "height": 96,
              "x_pos": 304,
              "y_pos": 0
            }
          ],
          {
            "id": "flag.damage.right",
            "animation_frames": [ 0 ],
            "animation": [
              {
                "width": 16,
                "height": 96,
                "x_pos": 304,
                "y_pos": 0
              }
            ]
          },
          {
            "id": "flag.damage.left",
            "animation_frames": [ 0 ],
            "animation": [
              {
                "width": 16,
                "height": 96,
                "x_pos": 304,
                "y_pos": 0
              }
            ]
          }
      ]
    }
  }
}