{
  "map": [
    {
      "path": "resources/map/final_map/final_map_Sky.csv"
    },
    {
      "path": "resources/map/final_map/final_map_Ground.csv"
    },
    {
      "path": "resources/map/final_map/final_map_Front.csv"
    }
  ],
  "tiles": {
    "path": "resources/map/final_map/DirtBrick_Assets_V5.png",
    "width": 16,
    "height": 16
  },
  "sprites": {
    "path": "config/sprites/sprites.json"
  },
  "objects": {
    "path": "resources/map/test_map/final_map_Objects.csv",
    "bindings": [
      {
        "is_external": false,
        "name": "coin",
        "tile": 286
      },
      {
        "is_external": false,
        "name": "question_brick",
        "tile": 0
      },
      {
        "external_name": "slime",
        "external_path": "config/sprites/slime.json",
        "is_playable": false,
        "is_external": true,
        "name": "slime",
        "tile": 43
      },
      {
        "external_name": "slime",
        "external_path": "config/sprites/slime.json",
        "is_playable": false,
        "is_external": true,
        "name": "slime",
        "tile": 20
      },
      {
        "external_name": "herochar",
        "external_path": "config/sprites/herochar.json",
        "is_external": true,
        "is_playable": true,
        "name": "herochar",
        "tile": 552
      }
    ]
  },
  "grid": {
    "solid": [
      80,
      81,
      82,
      83,
      86,
      100,
      102,
      103,
      106,
      102,
      121,
      122,
      123,
      126,
      127,
      146,
      147,
      143,
      0,
      1,
      2,
      3,
      6,
      20,
      21,
      22,
      23,
      26,
      28,
      29,
      30,
      31,
      40,
      41,
      42,
      43,
      44,
      45,
      46,
      47,
      60,
      62,
      63,
      64,
      65,
      66,
      67,
      75,
      76,
      77,
      78,
      88,
      108,
      128,
      180,
      181,
      200,
      201
    ],
    "empty": [
      137,
      164,
      38,
      58
    ]
  }
}